{
  "meta": {
    "project": "Network Automation - BIG",
    "ip_version": 6,
    "addressing_strategy": {
      "links_prefixlen": 64,
      "loopbacks_prefixlen": 128,
      "p2p_endpoint_rule": "endpoint0_is_1_endpoint1_is_2",
      "link_addressing": "human_defined_subnet_v6",
      "loopback_addressing": "automated_from_pool"
    }
  },


  "ases": {
    "111": {
      "igp": { "type": "ripng", "process_name": "RIP-111" },
      "ip_pools": { "loopbacks": "2001:2001:1:1::/64" },
      "routers": ["R9", "R1", "R5", "R2", "R6"]
    },
    "112": {
      "igp": { "type": "ospfv3", "process_id": 1, "area": 0 },
      "ip_pools": { "loopbacks": "2001:2001:2:1::/64" },
      "routers": ["R3", "R7", "R4", "R8", "R10"]
    },
    "65001": {
      "igp": { "type": "none" },
      "ip_pools": { "loopbacks": "2001:2001:11:1::/64" },
      "routers": ["R11"]
  },
    "65002": {
      "igp": { "type": "none" },
      "ip_pools": { "loopbacks": "2001:2001:12:1::/64" },
      "routers": ["R12"]
  },
  "65003": {
      "igp": { "type": "none" },
      "ip_pools": { "loopbacks": "2001:2001:13:1::/64" },
      "routers": ["R13"]
    }

  },


  "routers": {
    "R9":  { "as": "111", "router_id": "9.9.9.9"  },
    "R1":  { "as": "111", "router_id": "1.1.1.1"  },
    "R5":  { "as": "111", "router_id": "5.5.5.5"  },
    "R2":  { "as": "111", "router_id": "2.2.2.2"  },
    "R6":  { "as": "111", "router_id": "6.6.6.6"  },


    "R3":  { "as": "112", "router_id": "3.3.3.3"  },
    "R7":  { "as": "112", "router_id": "7.7.7.7"  },
    "R4":  { "as": "112", "router_id": "4.4.4.4"  },
    "R8":  { "as": "112", "router_id": "8.8.8.8"  },
    "R10": { "as": "112", "router_id": "10.10.10.10" },

    "R11": { "as": "65001", "router_id": "11.11.11.11" },
    "R12": { "as": "65002", "router_id": "12.12.12.12" },
    "R13": { "as": "65003", "router_id": "13.13.13.13" }
  },


  "links": [
    {
      "name": "A111_R9_R1",
      "type": "intra_as",
      "as": "111",
      "subnet_v6": "2001:2001:1:10::/64",
      "endpoints": [
        { "router": "R9", "interface": "GigabitEthernet1/0" },
        { "router": "R1", "interface": "GigabitEthernet3/0" }
      ]
    },
    {
      "name": "A111_R9_R5",
      "type": "intra_as",
      "as": "111",
      "subnet_v6": "2001:2001:1:11::/64",
      "endpoints": [
        { "router": "R9", "interface": "FastEthernet0/0" },
        { "router": "R5", "interface": "GigabitEthernet3/0" }
      ]
    },
    {
      "name": "A111_R1_R5",
      "type": "intra_as",
      "as": "111",
      "subnet_v6": "2001:2001:1:12::/64",
      "endpoints": [
        { "router": "R1", "interface": "GigabitEthernet2/0" },
        { "router": "R5", "interface": "GigabitEthernet2/0" }
      ]
    },
    {
      "name": "A111_R1_R2",
      "type": "intra_as",
      "as": "111",
      "subnet_v6": "2001:2001:1:13::/64",
      "endpoints": [
        { "router": "R1", "interface": "FastEthernet0/0" },
        { "router": "R2", "interface": "FastEthernet0/0" }
      ]
    },
    {
      "name": "A111_R1_R6",
      "type": "intra_as",
      "as": "111",
      "subnet_v6": "2001:2001:1:15::/64",
      "endpoints": [
        { "router": "R1", "interface": "GigabitEthernet1/0" },
        { "router": "R6", "interface": "GigabitEthernet2/0" }
      ]
    },
    {
      "name": "A111_R5_R6",
      "type": "intra_as",
      "as": "111",
      "subnet_v6": "2001:2001:1:14::/64",
      "endpoints": [
        { "router": "R5", "interface": "FastEthernet0/0" },
        { "router": "R6", "interface": "FastEthernet0/0" }
      ]
    },
    {
      "name": "A111_R5_R2",
      "type": "intra_as",
      "as": "111",
      "subnet_v6": "2001:2001:1:16::/64",
      "endpoints": [
        { "router": "R5", "interface": "GigabitEthernet1/0" },
        { "router": "R2", "interface": "GigabitEthernet2/0" }
      ]
    },


    {
      "name": "EBGP_R2_R3",
      "type": "inter_as",
      "subnet_v6": "2001:2001:3:10::/64",
      "endpoints": [
        { "router": "R2", "interface": "GigabitEthernet3/0" },
        { "router": "R3", "interface": "GigabitEthernet1/0" }
      ]
    },
    {
      "name": "EBGP_R6_R7",
      "type": "inter_as",
      "subnet_v6": "2001:2001:3:11::/64",
      "endpoints": [
        { "router": "R6", "interface": "GigabitEthernet1/0" },
        { "router": "R7", "interface": "GigabitEthernet1/0" }
      ]
    },


    {
      "name": "A112_R3_R4",
      "type": "intra_as",
      "as": "112",
      "subnet_v6": "2001:2001:2:10::/64",
      "ospf_cost": 10,
      "endpoints": [
        { "router": "R3", "interface": "FastEthernet0/0" },
        { "router": "R4", "interface": "FastEthernet0/0" }
      ]
    },
    {
      "name": "A112_R3_R8",
      "type": "intra_as",
      "as": "112",
      "subnet_v6": "2001:2001:2:12::/64",
      "ospf_cost": 20,
      "endpoints": [
        { "router": "R3", "interface": "GigabitEthernet2/0" },
        { "router": "R8", "interface": "GigabitEthernet1/0" }
      ]
    },
    {
      "name": "A112_R7_R8",
      "type": "intra_as",
      "as": "112",
      "subnet_v6": "2001:2001:2:11::/64",
      "ospf_cost": 10,
      "endpoints": [
        { "router": "R7", "interface": "FastEthernet0/0" },
        { "router": "R8", "interface": "FastEthernet0/0" }
      ]
    },
    {
      "name": "A112_R7_R4",
      "type": "intra_as",
      "as": "112",
      "subnet_v6": "2001:2001:2:13::/64",
      "ospf_cost": 20,
      "endpoints": [
        { "router": "R7", "interface": "GigabitEthernet2/0" },
        { "router": "R4", "interface": "GigabitEthernet1/0" }
      ]
    },
    {
      "name": "A112_R4_R8",
      "type": "intra_as",
      "as": "112",
      "subnet_v6": "2001:2001:2:14::/64",
      "ospf_cost": 5,
      "endpoints": [
        { "router": "R4", "interface": "GigabitEthernet2/0" },
        { "router": "R8", "interface": "GigabitEthernet2/0" }
      ]
    },
    {
      "name": "A112_R4_R10",
      "type": "intra_as",
      "as": "112",
      "subnet_v6": "2001:2001:2:15::/64",
      "ospf_cost": 10,
      "endpoints": [
        { "router": "R4", "interface": "GigabitEthernet3/0" },
        { "router": "R10", "interface": "GigabitEthernet1/0" }
      ]
    },
    {
      "name": "A112_R8_R10",
      "type": "intra_as",
      "as": "112",
      "subnet_v6": "2001:2001:2:16::/64",
      "ospf_cost": 10,
      "endpoints": [
        { "router": "R8", "interface": "GigabitEthernet3/0" },
        { "router": "R10", "interface": "FastEthernet0/0" }
      ]
    },

    {
      "name": "EBGP_AS111_PROVIDER_R2_R11",
      "type": "inter_as",
      "relationship": "provider",
      "subnet_v6": "2001:2001:3:20::/64",
      "endpoints": [
        { "router": "R2",  "interface": "GigabitEthernet1/0" },
        { "router": "R11", "interface": "FastEthernet0/0" }
      ]
    },

    {
       "name": "EBGP_AS111_CLIENT1_R9_R12",
       "type": "inter_as",
      "relationship": "client",
      "subnet_v6": "2001:2001:3:21::/64",
      "endpoints": [
        { "router": "R9",  "interface": "GigabitEthernet2/0" },
        { "router": "R12", "interface": "FastEthernet0/0" }
      ]
    },

    {
      "name": "EBGP_AS111_CLIENT2_R6_R13",
      "type": "inter_as",
      "relationship": "client",
      "subnet_v6": "2001:2001:3:22::/64",
      "endpoints": [
      { "router": "R6",  "interface": "GigabitEthernet3/0" },
      { "router": "R13", "interface": "FastEthernet0/0" }
  ]
}

  ],


  "bgp": {
    "required": true,
    "ibgp": { "mode": "full_mesh" }
  }
}
